Name,Hangzhou,Huzhou,Jiaxing,Jinhua,Lishui,Ningbo,Shaoxing,Taizhou,Wenzhou
N_823,0.998229173,0.000458515,8.05E-05,7.20E-05,0.000394234,0.000134562,0.000395587,0.000103505,0.000131975
N_25,1,2.52E-20,2.46E-25,3.45E-26,1.17E-20,1.36E-23,1.40E-20,8.59E-25,1.44E-24
SRR14852169.result.fasta,1,0,0,0,0,0,0,0,0
SRR14852214.result.fasta,1,0,0,0,0,0,0,0,0
SRR14852567.result.fasta,1,0,0,0,0,0,0,0,0
SRR14862497.result.fasta,1,0,0,0,0,0,0,0,0
SRR14862602.result.fasta,1,0,0,0,0,0,0,0,0
SRR14862618.result.fasta,1,0,0,0,0,0,0,0,0
N_15,0.999999697,1.00E-07,4.39E-09,2.91E-09,8.62E-08,1.25E-08,8.19E-08,6.61E-09,8.42E-09
SRR14852288.result.fasta,1,0,0,0,0,0,0,0,0
SRR14852569.result.fasta,1,0,0,0,0,0,0,0,0
N_20,1,5.68E-12,2.08E-14,8.60E-15,4.14E-12,1.44E-13,4.10E-12,4.03E-14,5.47E-14
SRR14852564.result.fasta,1,0,0,0,0,0,0,0,0
SRR14852568.result.fasta,1,0,0,0,0,0,0,0,0
SRR14862486.result.fasta,1,0,0,0,0,0,0,0,0
SRR14862601.result.fasta,1,0,0,0,0,0,0,0,0
N_10,1,5.76E-18,5.20E-22,1.07E-22,3.28E-18,1.34E-20,3.48E-18,1.47E-21,2.21E-21
SRR14852286.result.fasta,1,0,0,0,0,0,0,0,0
SRR14852215.result.fasta,1,0,0,0,0,0,0,0,0
SRR14862511.result.fasta,1,0,0,0,0,0,0,0,0
SRR14852570.result.fasta,1,0,0,0,0,0,0,0,0
SRR14862597.result.fasta,1,0,0,0,0,0,0,0,0
SRR14852158.result.fasta,1,0,0,0,0,0,0,0,0
SRR14852566.result.fasta,1,0,0,0,0,0,0,0,0
N_822,0.999954603,3.36E-05,4.19E-08,3.44E-08,7.92E-07,7.77E-08,9.78E-06,9.82E-07,6.47E-08
N_821,0.999625959,3.84E-05,3.54E-06,6.77E-06,3.22E-05,7.01E-06,2.85E-05,0.00025318,4.43E-06
N_820,0.999996965,9.26E-07,4.35E-08,3.60E-08,7.80E-07,1.18E-07,7.50E-07,3.03E-07,8.00E-08
SRR14852211.result.fasta,1,0,0,0,0,0,0,0,0
SRR14862558.result.fasta,1,0,0,0,0,0,0,0,0
N_817,0.978737368,0.000348504,4.83E-05,0.000118668,0.000335078,8.79E-05,0.000264286,0.020008177,5.17E-05
SRR14852444.result.fasta,1,0,0,0,0,0,0,0,0
N_815,0.062960681,0.000872258,0.00035564,0.002065157,0.000940498,0.000433573,0.000630265,0.931497814,0.000244114
HD0028237-ZZM20230069.result.fasta,0,0,0,0,0,0,0,1,0
HD0028249-ZZM20230082.result.fasta,0,0,0,0,0,0,0,1,0
N_812,0.873352484,0.092929907,9.63E-05,0.00013398,0.000584704,8.93E-05,0.027621613,0.005096107,9.56E-05
SRR14852437.result.fasta,1,0,0,0,0,0,0,0,0
N_803,0.00933015,0.990141609,4.50E-05,3.16E-05,8.82E-05,1.50E-05,0.000224719,8.50E-05,3.87E-05
HD0028209-ZZM20230039.result.fasta,0,1,0,0,0,0,0,0,0
ZZM2023-35.result.fasta,0,1,0,0,0,0,0,0,0
N_810,0.202995426,0.032750337,0.001177801,0.003177825,0.00238288,0.001194492,0.544734129,0.210582147,0.001004962
N_806,0.004871692,0.002244956,0.000329373,0.002175443,0.000488472,0.000298453,0.02954511,0.959847359,0.000199143
HD0028235-ZZM20230067.result.fasta,0,0,0,0,0,0,0,1,0
HD0028244-ZZM20230077.result.fasta,0,0,0,0,0,0,0,1,0
N_809,0.006014898,0.00073015,6.10E-05,0.00015242,8.23E-05,5.35E-05,0.987358613,0.005492541,5.47E-05
HD0028299-ZZM2023397.result.fasta,0,0,0,0,0,0,1,0,0
HD0028307-ZZM2023405.result.fasta,0,0,0,0,0,0,1,0,0
N_800,0.999999601,1.75E-07,4.36E-10,2.40E-10,1.93E-08,8.42E-08,1.17E-07,1.54E-09,1.12E-09
N_799,0.996233028,0.000100378,1.47E-05,1.25E-05,8.87E-05,0.003403014,8.46E-05,2.83E-05,3.48E-05
N_798,6.91E-05,1.79E-06,7.98E-07,8.57E-07,1.58E-06,0.999918335,1.50E-06,2.78E-06,3.27E-06
ZZM2023-150.result.fasta,0,0,0,0,0,1,0,0,0
ZZM2023-161.result.fasta,0,0,0,0,0,1,0,0,0
N_795,2.33E-07,5.59E-08,7.19E-08,9.43E-08,5.18E-08,0.999998921,4.86E-08,2.47E-07,2.77E-07
ZZM2023-149.result.fasta,0,0,0,0,0,1,0,0,0
N_794,1.17E-07,1.07E-07,1.54E-07,2.04E-07,1.01E-07,0.999998155,9.37E-08,5.04E-07,5.65E-07
ZZM2023-151.result.fasta,0,0,0,0,0,1,0,0,0
ZZM2023-154.result.fasta,0,0,0,0,0,1,0,0,0
N_790,0.999998485,1.48E-07,8.13E-09,5.86E-09,1.24E-07,1.07E-06,1.20E-07,1.53E-08,1.92E-08
N_756,0.999999661,1.08E-07,4.66E-09,3.09E-09,9.24E-08,2.66E-08,8.82E-08,7.05E-09,9.00E-09
N_755,0.999999899,3.75E-08,5.39E-10,2.96E-10,2.92E-08,2.26E-09,2.94E-08,9.01E-10,1.22E-09
SRR14852458.result.fasta,1,0,0,0,0,0,0,0,0
SRR14852494.result.fasta,1,0,0,0,0,0,0,0,0
SRR14852496.result.fasta,1,0,0,0,0,0,0,0,0
N_751,1,3.90E-14,1.46E-17,4.05E-18,2.35E-14,2.22E-16,2.58E-14,3.52E-17,5.32E-17
SRR14852135.result.fasta,1,0,0,0,0,0,0,0,0
SRR14852154.result.fasta,1,0,0,0,0,0,0,0,0
SRR14852244.result.fasta,1,0,0,0,0,0,0,0,0
SRR14862611.result.fasta,1,0,0,0,0,0,0,0,0
N_735,0.999999995,1.96E-09,2.55E-11,1.35E-11,1.54E-09,1.12E-10,1.51E-09,4.34E-11,5.74E-11
SRR14852152.result.fasta,1,0,0,0,0,0,0,0,0
SRR14852243.result.fasta,1,0,0,0,0,0,0,0,0
SRR14852246.result.fasta,1,0,0,0,0,0,0,0,0
N_747,1,4.98E-22,4.73E-28,4.39E-29,1.93E-22,5.88E-26,2.52E-22,2.07E-27,3.85E-27
SRR14852250.result.fasta,1,0,0,0,0,0,0,0,0
SRR14852202.result.fasta,1,0,0,0,0,0,0,0,0
SRR14862575.result.fasta,1,0,0,0,0,0,0,0,0
SRR14852240.result.fasta,1,0,0,0,0,0,0,0,0
SRR14862493.result.fasta,1,0,0,0,0,0,0,0,0
SRR14852248.result.fasta,1,0,0,0,0,0,0,0,0
SRR14852249.result.fasta,1,0,0,0,0,0,0,0,0
SRR14862494.result.fasta,1,0,0,0,0,0,0,0,0
SRR14852252.result.fasta,1,0,0,0,0,0,0,0,0
SRR14852153.result.fasta,1,0,0,0,0,0,0,0,0
SRR14852251.result.fasta,1,0,0,0,0,0,0,0,0
N_789,1,5.04E-19,6.07E-24,9.20E-25,2.27E-19,6.07E-22,2.91E-19,2.04E-23,3.62E-23
SRR14852374.result.fasta,1,0,0,0,0,0,0,0,0
SRR14852402.result.fasta,1,0,0,0,0,0,0,0,0
SRR14852404.result.fasta,1,0,0,0,0,0,0,0,0
SRR14852405.result.fasta,1,0,0,0,0,0,0,0,0
SRR14852406.result.fasta,1,0,0,0,0,0,0,0,0
SRR14852409.result.fasta,1,0,0,0,0,0,0,0,0
SRR14862540.result.fasta,1,0,0,0,0,0,0,0,0
SRR14862542.result.fasta,1,0,0,0,0,0,0,0,0
N_780,1,6.65E-39,6.45E-51,5.13E-53,8.38E-40,9.63E-47,1.93E-39,1.06E-49,3.65E-49
SRR14852436.result.fasta,1,0,0,0,0,0,0,0,0
SRR14862528.result.fasta,1,0,0,0,0,0,0,0,0
SRR14852449.result.fasta,1,0,0,0,0,0,0,0,0
SRR14852438.result.fasta,1,0,0,0,0,0,0,0,0
SRR14852407.result.fasta,1,0,0,0,0,0,0,0,0
SRR14852439.result.fasta,1,0,0,0,0,0,0,0,0
SRR14852440.result.fasta,1,0,0,0,0,0,0,0,0
SRR14862538.result.fasta,1,0,0,0,0,0,0,0,0
SRR14862551.result.fasta,1,0,0,0,0,0,0,0,0
SRR14862529.result.fasta,1,0,0,0,0,0,0,0,0
SRR14862537.result.fasta,1,0,0,0,0,0,0,0,0
SRR14852441.result.fasta,1,0,0,0,0,0,0,0,0
SRR14862539.result.fasta,1,0,0,0,0,0,0,0,0
SRR14852442.result.fasta,1,0,0,0,0,0,0,0,0
SRR14852421.result.fasta,1,0,0,0,0,0,0,0,0
SRR14852384.result.fasta,1,0,0,0,0,0,0,0,0
SRR14862541.result.fasta,1,0,0,0,0,0,0,0,0
SRR14852397.result.fasta,1,0,0,0,0,0,0,0,0
SRR14852376.result.fasta,1,0,0,0,0,0,0,0,0
SRR14852424.result.fasta,1,0,0,0,0,0,0,0,0
SRR14852403.result.fasta,1,0,0,0,0,0,0,0,0
SRR14852359.result.fasta,1,0,0,0,0,0,0,0,0
SRR14852401.result.fasta,1,0,0,0,0,0,0,0,0
N_289,0.999616306,4.69E-05,3.58E-06,1.50E-08,9.64E-06,2.96E-08,0.000323407,4.53E-08,4.32E-08
N_221,2.60E-05,7.56E-06,0.999956973,5.93E-07,3.33E-06,5.84E-07,9.87E-07,1.78E-06,2.22E-06
HD0028221-ZZM20230051.result.fasta,0,0,1,0,0,0,0,0,0
N_219,7.67E-07,5.31E-06,0.999980144,1.73E-06,2.54E-06,8.88E-07,7.18E-07,3.58E-06,4.33E-06
HD0028217-ZZM20230047.result.fasta,0,0,1,0,0,0,0,0,0
HD0028223-ZZM20230053.result.fasta,0,0,1,0,0,0,0,0,0
N_216,1.22E-07,7.20E-07,0.999997409,2.11E-07,3.33E-07,1.10E-07,9.11E-08,4.55E-07,5.48E-07
HD0028213-ZZM20230043.result.fasta,0,0,1,0,0,0,0,0,0
N_214,5.11E-10,4.38E-08,0.999999875,7.77E-09,1.61E-08,3.81E-09,3.08E-09,2.26E-08,2.76E-08
HD0028212-ZZM20230042.result.fasta,0,0,1,0,0,0,0,0,0
HD0028216-ZZM20230046.result.fasta,0,0,1,0,0,0,0,0,0
HD0028218-ZZM20230048.result.fasta,0,0,1,0,0,0,0,0,0
N_288,0.979471758,5.38E-06,1.96E-07,7.63E-08,1.43E-06,1.74E-07,0.020520601,2.36E-07,1.46E-07
N_238,0.018385682,8.56E-05,3.87E-05,4.15E-05,7.41E-05,4.52E-05,0.981194026,8.34E-05,5.18E-05
HD0028303-ZZM2023401.result.fasta,0,0,0,0,0,0,1,0,0
HD0028315-ZZM2023413.result.fasta,0,0,0,0,0,0,1,0,0
N_235,7.20E-06,2.17E-08,8.77E-09,9.29E-09,1.74E-08,1.04E-08,0.999992695,2.64E-08,1.15E-08
HD0028308-ZZM2023406.result.fasta,0,0,0,0,0,0,1,0,0
HD0028313-ZZM2023411.result.fasta,0,0,0,0,0,0,1,0,0
N_232,1.04E-10,3.91E-13,3.23E-13,4.11E-13,2.79E-13,2.70E-13,1,1.74E-12,3.50E-13
HD0028310-ZZM2023408.result.fasta,0,0,0,0,0,0,1,0,0
HD0028314-ZZM2023412.result.fasta,0,0,0,0,0,0,1,0,0
HD0028318-ZZM2023416.result.fasta,0,0,0,0,0,0,1,0,0
N_228,1.68E-12,1.09E-13,1.14E-13,1.49E-13,7.88E-14,8.98E-14,1,6.74E-13,1.20E-13
HD0028301-ZZM2023399.result.fasta,0,0,0,0,0,0,1,0,0
HD0028309-ZZM2023407.result.fasta,0,0,0,0,0,0,1,0,0
HD0028316-ZZM2023414.result.fasta,0,0,0,0,0,0,1,0,0
N_225,4.02E-08,5.49E-09,7.37E-09,9.72E-09,4.78E-09,5.70E-09,0.999999899,1.99E-08,8.20E-09
HD0028302-ZZM2023400.result.fasta,0,0,0,0,0,0,1,0,0
HD0028317-ZZM2023415.result.fasta,0,0,0,0,0,0,1,0,0
N_287,1,8.45E-25,2.00E-31,1.55E-32,2.29E-25,3.49E-29,3.63E-22,1.29E-30,1.88E-30
SRR14852126.result.fasta,1,0,0,0,0,0,0,0,0
SRR14852179.result.fasta,1,0,0,0,0,0,0,0,0
SRR14852198.result.fasta,1,0,0,0,0,0,0,0,0
SRR14852221.result.fasta,1,0,0,0,0,0,0,0,0
SRR14852228.result.fasta,1,0,0,0,0,0,0,0,0
SRR14852235.result.fasta,1,0,0,0,0,0,0,0,0
SRR14852273.result.fasta,1,0,0,0,0,0,0,0,0
SRR14852557.result.fasta,1,0,0,0,0,0,0,0,0
SRR14852561.result.fasta,1,0,0,0,0,0,0,0,0
SRR14862516.result.fasta,1,0,0,0,0,0,0,0,0
SRR14862615.result.fasta,1,0,0,0,0,0,0,0,0
N_244,0.999999891,4.01E-08,5.91E-10,3.26E-10,3.12E-08,2.45E-09,3.16E-08,9.82E-10,1.33E-09
SRR14852180.result.fasta,1,0,0,0,0,0,0,0,0
SRR14852224.result.fasta,1,0,0,0,0,0,0,0,0
SRR14862499.result.fasta,1,0,0,0,0,0,0,0,0
N_277,1,2.61E-52,6.52E-69,7.65E-72,1.45E-53,3.91E-63,4.82E-53,3.03E-67,1.57E-66
SRR14852279.result.fasta,1,0,0,0,0,0,0,0,0
SRR14852275.result.fasta,1,0,0,0,0,0,0,0,0
SRR14852280.result.fasta,1,0,0,0,0,0,0,0,0
SRR14852562.result.fasta,1,0,0,0,0,0,0,0,0
SRR14862509.result.fasta,1,0,0,0,0,0,0,0,0
SRR14852266.result.fasta,1,0,0,0,0,0,0,0,0
SRR14862487.result.fasta,1,0,0,0,0,0,0,0,0
SRR14852277.result.fasta,1,0,0,0,0,0,0,0,0
SRR14862513.result.fasta,1,0,0,0,0,0,0,0,0
SRR14852227.result.fasta,1,0,0,0,0,0,0,0,0
SRR14852219.result.fasta,1,0,0,0,0,0,0,0,0
SRR14852563.result.fasta,1,0,0,0,0,0,0,0,0
SRR14852220.result.fasta,1,0,0,0,0,0,0,0,0
SRR14862614.result.fasta,1,0,0,0,0,0,0,0,0
SRR14862605.result.fasta,1,0,0,0,0,0,0,0,0
SRR14852272.result.fasta,1,0,0,0,0,0,0,0,0
SRR14862488.result.fasta,1,0,0,0,0,0,0,0,0
SRR14852274.result.fasta,1,0,0,0,0,0,0,0,0
SRR14852226.result.fasta,1,0,0,0,0,0,0,0,0
SRR14852276.result.fasta,1,0,0,0,0,0,0,0,0
SRR14852559.result.fasta,1,0,0,0,0,0,0,0,0
SRR14852225.result.fasta,1,0,0,0,0,0,0,0,0
SRR14852230.result.fasta,1,0,0,0,0,0,0,0,0
SRR14852232.result.fasta,1,0,0,0,0,0,0,0,0
SRR14852281.result.fasta,1,0,0,0,0,0,0,0,0
SRR14862600.result.fasta,1,0,0,0,0,0,0,0,0
SRR14852271.result.fasta,1,0,0,0,0,0,0,0,0
SRR14852229.result.fasta,1,0,0,0,0,0,0,0,0
SRR14852233.result.fasta,1,0,0,0,0,0,0,0,0
SRR14862508.result.fasta,1,0,0,0,0,0,0,0,0
SRR14852184.result.fasta,1,0,0,0,0,0,0,0,0
SRR14852292.result.fasta,1,0,0,0,0,0,0,0,0
N_210,0.999923696,6.06E-05,7.42E-10,2.57E-10,1.36E-05,6.83E-12,2.10E-06,8.78E-11,4.20E-09
SRR14862549.result.fasta,1,0,0,0,0,0,0,0,0
N_191,0.07597822,0.003299245,0.000734585,0.766745055,0.141932075,0.000613614,0.000961973,0.007054678,0.002680554
HD0028290-ZZM2023327.result.fasta,0,0,0,1,0,0,0,0,0
N_189,0.023080907,0.002465719,0.000592691,0.770527351,0.194013563,0.000414452,0.000614165,0.005720907,0.002570244
HD0028186-ZZM20230012.result.fasta,0,0,0,0,1,0,0,0,0
HD0028289-ZZM2023326.result.fasta,0,0,0,1,0,0,0,0,0
N_208,0.999991041,4.21E-06,1.01E-07,6.96E-08,2.18E-06,2.72E-07,1.78E-06,1.49E-07,1.95E-07
SRR14852183.result.fasta,1,0,0,0,0,0,0,0,0
N_206,0.999999519,1.60E-07,7.03E-09,4.70E-09,1.36E-07,1.99E-08,1.30E-07,1.05E-08,1.35E-08
SRR14852182.result.fasta,1,0,0,0,0,0,0,0,0
SRR14862576.result.fasta,1,0,0,0,0,0,0,0,0
N_203,5.64E-07,0.999999422,2.82E-09,1.14E-09,6.05E-09,2.84E-10,5.31E-10,1.41E-09,1.56E-09
HD0028195-ZZM20230021.result.fasta,0,1,0,0,0,0,0,0,0
HD0028205-ZZM20230032.result.fasta,0,1,0,0,0,0,0,0,0
N_197,5.61E-08,0.999999717,6.25E-08,3.97E-08,4.19E-08,7.15E-09,6.08E-09,3.36E-08,3.64E-08
HD0028197-ZZM20230023.result.fasta,0,1,0,0,0,0,0,0,0
N_195,9.27E-11,1,1.05E-10,6.62E-11,7.10E-11,1.18E-11,1.00E-11,5.62E-11,6.07E-11
HD0028196-ZZM20230022.result.fasta,0,1,0,0,0,0,0,0,0
HD0028199-ZZM20230025.result.fasta,0,1,0,0,0,0,0,0,0
N_201,6.34E-13,1,8.71E-13,4.29E-13,6.07E-13,5.26E-14,4.75E-14,3.77E-13,3.98E-13
HD0028200-ZZM20230026.result.fasta,0,1,0,0,0,0,0,0,0
HD0028203-ZZM20230030.result.fasta,0,1,0,0,0,0,0,0,0
HD0028206-ZZM20230033.result.fasta,0,1,0,0,0,0,0,0,0
N_78,0.979813497,0.014293276,1.25E-05,5.99E-06,0.005780334,4.04E-06,1.42E-05,5.27E-05,2.35E-05
HD0028177-ZZM20230003.result.fasta,0,0,0,0,1,0,0,0,0
N_77,1,4.07E-14,5.92E-19,1.65E-19,1.08E-14,4.66E-18,4.60E-16,1.57E-18,2.46E-18
SRR14852278.result.fasta,1,0,0,0,0,0,0,0,0
SRR14852381.result.fasta,1,0,0,0,0,0,0,0,0
SRR14852382.result.fasta,1,0,0,0,0,0,0,0,0
SRR14852469.result.fasta,1,0,0,0,0,0,0,0,0
N_75,0.999999961,1.28E-08,5.63E-10,3.73E-10,1.10E-08,1.61E-09,1.05E-08,8.47E-10,1.08E-09
SRR14862533.result.fasta,1,0,0,0,0,0,0,0,0
N_73,0.999999804,6.49E-08,2.82E-09,1.87E-09,5.58E-08,8.10E-09,5.29E-08,4.26E-09,5.41E-09
SRR14852420.result.fasta,1,0,0,0,0,0,0,0,0
SRR14862565.result.fasta,1,0,0,0,0,0,0,0,0
N_68,0.999999999,4.12E-10,5.18E-12,2.71E-12,3.26E-10,2.31E-11,3.16E-10,8.87E-12,1.16E-11
SRR14852419.result.fasta,1,0,0,0,0,0,0,0,0
SRR14862566.result.fasta,1,0,0,0,0,0,0,0,0
N_65,0.999999999,1.87E-10,2.31E-12,1.20E-12,1.48E-10,1.04E-11,1.43E-10,3.97E-12,5.19E-12
SRR14852491.result.fasta,1,0,0,0,0,0,0,0,0
SRR14852316.result.fasta,1,0,0,0,0,0,0,0,0
SRR14862546.result.fasta,1,0,0,0,0,0,0,0,0
N_59,0.013963801,0.957337355,0.002014718,0.00026887,0.01509202,2.35E-05,3.91E-05,0.011068274,0.000192433
HD0028175-ZZM20230001.result.fasta,0,0,0,0,1,0,0,0,0
HD0028204-ZZM20230031.result.fasta,0,1,0,0,0,0,0,0,0
N_57,0.007289703,0.958353993,0.003347873,0.000399995,0.011790886,3.01E-05,4.42E-05,0.018556557,0.000186734
HD0028201-ZZM20230027.result.fasta,0,1,0,0,0,0,0,0,0
N_56,0.003561931,0.730396809,0.038222362,0.004357064,0.009216054,0.000291189,0.00024104,0.212960336,0.000753214
HD0028219-ZZM20230049.result.fasta,0,0,1,0,0,0,0,0,0
N_55,3.29E-05,0.016742931,0.000659524,0.014726292,0.000339152,2.70E-05,2.09E-05,0.967401504,4.98E-05
HD0028280-ZZM2023316.result.fasta,0,0,0,1,0,0,0,0,0
N_53,2.27E-10,2.70E-06,5.62E-08,0.006938361,7.88E-08,2.42E-09,1.84E-09,0.993058798,2.45E-09
N_33,1.50E-08,6.60E-07,4.20E-07,0.006193855,7.87E-07,3.13E-07,2.12E-07,0.993803559,1.78E-07
HD0028234-ZZM20230066.result.fasta,0,0,0,0,0,0,0,1,0
HD0028241-ZZM20230074.result.fasta,0,0,0,0,0,0,0,1,0
HD0028291-ZZM2023328.result.fasta,0,0,0,1,0,0,0,0,0
N_52,2.49E-07,4.99E-06,2.92E-06,0.015441734,4.75E-06,2.16E-06,1.50E-06,0.984540018,1.67E-06
HD0028240-ZZM20230072.result.fasta,0,0,0,0,0,0,0,1,0
N_51,6.83E-08,3.88E-06,1.92E-06,0.976357505,9.09E-06,1.31E-06,9.86E-07,0.023623559,1.69E-06
HD0028282-ZZM2023318.result.fasta,0,0,0,1,0,0,0,0,0
HD0028283-ZZM2023320.result.fasta,0,0,0,1,0,0,0,0,0
HD0028285-ZZM2023322.result.fasta,0,0,0,1,0,0,0,0,0
N_46,1.09E-11,2.69E-09,5.41E-10,0.001113281,1.51E-09,3.84E-10,2.64E-10,0.998886714,2.10E-10
HD0028236-ZZM20230068.result.fasta,0,0,0,0,0,0,0,1,0
N_45,1.48E-06,1.63E-05,1.61E-05,0.007712981,2.46E-05,1.20E-05,8.33E-06,0.992198878,9.33E-06
HD0028239-ZZM20230071.result.fasta,0,0,0,0,0,0,0,1,0
HD0028286-ZZM2023323.result.fasta,0,0,0,1,0,0,0,0,0
N_42,4.58E-10,1.61E-08,1.36E-08,0.000709888,2.61E-08,1.02E-08,6.93E-09,0.999290033,5.58E-09
HD0028248-ZZM20230081.result.fasta,0,0,0,0,0,0,0,1,0
HD0028294-ZZM2023331.result.fasta,0,0,0,1,0,0,0,0,0
N_39,3.12E-09,3.71E-08,4.53E-08,2.78E-05,4.79E-08,3.56E-08,2.33E-08,0.999972009,1.62E-08
HD0028238-ZZM20230070.result.fasta,0,0,0,0,0,0,0,1,0
N_38,2.44E-08,2.13E-07,2.79E-07,1.98E-05,2.63E-07,2.19E-07,1.43E-07,0.999978979,1.07E-07
HD0028243-ZZM20230076.result.fasta,0,0,0,0,0,0,0,1,0
HD0028246-ZZM20230079.result.fasta,0,0,0,0,0,0,0,1,0
N_186,2.56E-09,4.38E-07,1.67E-07,3.36E-10,3.33E-06,9.13E-07,3.12E-10,4.92E-10,0.999995151
HD0028268-ZZM20230279.result.fasta,0,0,0,0,0,0,0,0,1
HD0028270-ZZM20230281.result.fasta,0,0,0,0,0,0,0,0,1
HD0028277-ZZM20230288.result.fasta,0,0,0,0,0,0,0,0,1
N_182,5.63E-07,3.72E-06,5.42E-06,2.86E-06,9.98E-05,4.01E-06,9.63E-07,1.80E-06,0.99988083
HD0028264-ZZM20230275.result.fasta,0,0,0,0,0,0,0,0,1
ZZM2023-289.result.fasta,0,0,0,0,0,0,0,0,1
N_145,1.41E-06,0.000928345,8.89E-06,7.53E-06,0.000380796,3.91E-06,1.17E-06,3.16E-06,0.998664785
HD0028279-ZZM20230291.result.fasta,0,0,0,0,0,0,0,0,1
N_143,2.70E-05,0.039585426,0.000135521,0.000257111,0.005345078,5.30E-05,1.93E-05,5.73E-05,0.954520286
HD0028269-ZZM20230280.result.fasta,0,0,0,0,0,0,0,0,1
N_141,2.03E-05,0.865539742,0.000108203,0.00578289,0.036381756,2.82E-05,1.53E-05,0.00021103,0.091912564
HD0028181-ZZM20230007.result.fasta,0,0,0,0,1,0,0,0,0
HD0028198-ZZM20230024.result.fasta,0,1,0,0,0,0,0,0,0
HD0028284-ZZM2023321.result.fasta,0,0,0,1,0,0,0,0,0
N_155,3.96E-16,1.58E-09,0.999999998,6.39E-14,1.95E-12,2.67E-14,1.71E-14,4.06E-13,5.33E-11
HD0028208-ZZM20230036.result.fasta,0,1,0,0,0,0,0,0,0
HD0028210-ZZM20230040.result.fasta,0,0,1,0,0,0,0,0,0
HD0028214-ZZM20230044.result.fasta,0,0,1,0,0,0,0,0,0
HD0028220-ZZM20230050.result.fasta,0,0,1,0,0,0,0,0,0
HD0028225-ZZM20230055.result.fasta,0,0,1,0,0,0,0,0,0
HD0028227-ZZM20230057.result.fasta,0,0,1,0,0,0,0,0,0
N_151,2.91E-09,6.84E-08,0.999999747,2.28E-08,3.26E-08,1.16E-08,9.12E-09,4.82E-08,5.79E-08
HD0028215-ZZM20230045.result.fasta,0,0,1,0,0,0,0,0,0
HD0028228-ZZM20230058.result.fasta,0,0,1,0,0,0,0,0,0
N_179,1.32E-05,2.63E-05,3.81E-05,3.64E-05,8.06E-05,0.965526167,1.51E-05,5.56E-05,0.03420874
ZZM2023-169.result.fasta,0,0,0,0,0,1,0,0,0
N_177,3.72E-11,1.13E-10,1.47E-10,1.42E-10,3.07E-10,0.999999921,6.32E-11,3.84E-10,7.76E-08
ZZM2023-155.result.fasta,0,0,0,0,0,1,0,0,0
N_176,8.14E-09,8.47E-09,1.22E-08,1.61E-08,7.92E-09,0.99999985,7.42E-09,4.14E-08,4.87E-08
ZZM2023-162.result.fasta,0,0,0,0,0,1,0,0,0
N_175,1.05E-07,1.05E-07,1.53E-07,2.04E-07,1.00E-07,0.99999819,9.28E-08,4.95E-07,5.55E-07
ZZM2023-163.result.fasta,0,0,0,0,0,1,0,0,0
ZZM2023-166.result.fasta,0,0,0,0,0,1,0,0,0
N_170,1.20E-20,2.07E-19,1.86E-19,5.64E-19,1.61E-19,1,1.34E-19,1.70E-16,3.95E-18
HD0028245-ZZM20230078.result.fasta,0,0,0,0,0,0,0,1,0
ZZM2023-152.result.fasta,0,0,0,0,0,1,0,0,0
ZZM2023-156.result.fasta,0,0,0,0,0,1,0,0,0
ZZM2023-157.result.fasta,0,0,0,0,0,1,0,0,0
ZZM2023-164.result.fasta,0,0,0,0,0,1,0,0,0
ZZM2023-170.result.fasta,0,0,0,0,0,1,0,0,0
N_160,1.39E-07,1.39E-07,2.03E-07,2.69E-07,1.32E-07,0.999997611,1.23E-07,6.52E-07,7.31E-07
ZZM2023-153.result.fasta,0,0,0,0,0,1,0,0,0
ZZM2023-159.result.fasta,0,0,0,0,0,1,0,0,0
N_168,3.64E-09,4.10E-09,5.79E-09,7.64E-09,3.79E-09,0.999999926,3.56E-09,2.17E-08,2.42E-08
ZZM2023-165.result.fasta,0,0,0,0,0,1,0,0,0
N_167,1.92E-08,1.96E-08,2.84E-08,3.76E-08,1.85E-08,0.99999966,1.72E-08,9.43E-08,1.06E-07
ZZM2023-167.result.fasta,0,0,0,0,0,1,0,0,0
ZZM2023-168.result.fasta,0,0,0,0,0,1,0,0,0
N_137,0.999826455,5.46E-06,4.86E-08,4.79E-08,6.79E-05,7.84E-08,9.97E-05,1.00E-07,2.23E-07
N_128,0.00349165,1.20E-05,5.29E-06,5.61E-06,1.05E-05,6.23E-06,0.996450029,1.17E-05,7.07E-06
HD0028320-ZZM2023418.result.fasta,0,0,0,0,0,0,1,0,0
N_126,3.31E-06,9.20E-09,4.05E-09,4.51E-09,7.10E-09,4.46E-09,0.999996646,1.50E-08,5.04E-09
HD0028304-ZZM2023402.result.fasta,0,0,0,0,0,0,1,0,0
HD0028305-ZZM2023403.result.fasta,0,0,0,0,0,0,1,0,0
HD0028312-ZZM2023410.result.fasta,0,0,0,0,0,0,1,0,0
N_136,1,1.16E-10,4.52E-13,1.95E-13,1.26E-10,2.97E-12,1.56E-10,8.67E-13,1.22E-12
SRR14852362.result.fasta,1,0,0,0,0,0,0,0,0
SRR14852387.result.fasta,1,0,0,0,0,0,0,0,0
SRR14862530.result.fasta,1,0,0,0,0,0,0,0,0
N_132,0.999999999,4.20E-10,5.26E-12,2.75E-12,3.33E-10,2.35E-11,3.22E-10,9.02E-12,1.18E-11
SRR14852363.result.fasta,1,0,0,0,0,0,0,0,0
SRR14852336.result.fasta,1,0,0,0,0,0,0,0,0
SRR14852443.result.fasta,1,0,0,0,0,0,0,0,0
N_122,0.991950241,4.29E-05,4.62E-06,5.21E-06,0.007909914,5.60E-06,5.09E-05,6.79E-06,2.38E-05
N_121,0.999999989,2.08E-10,1.14E-12,7.02E-13,1.05E-08,4.59E-12,1.49E-10,2.19E-12,7.09E-12
SRR14852210.result.fasta,1,0,0,0,0,0,0,0,0
SRR14852212.result.fasta,1,0,0,0,0,0,0,0,0
SRR14852284.result.fasta,1,0,0,0,0,0,0,0,0
N_119,1,8.39E-15,8.63E-18,2.80E-18,5.66E-15,9.40E-17,5.68E-15,1.92E-17,2.66E-17
SRR14852290.result.fasta,1,0,0,0,0,0,0,0,0
SRR14852285.result.fasta,1,0,0,0,0,0,0,0,0
SRR14862498.result.fasta,1,0,0,0,0,0,0,0,0
SRR14852283.result.fasta,1,0,0,0,0,0,0,0,0
SRR14852291.result.fasta,1,0,0,0,0,0,0,0,0
N_111,3.34E-16,8.12E-16,4.15E-15,9.38E-16,0.999998184,3.97E-18,1.67E-18,3.17E-16,1.82E-06
HD0028188-ZZM20230014.result.fasta,0,0,0,0,1,0,0,0,0
HD0028191-ZZM20230017.result.fasta,0,0,0,0,1,0,0,0,0
HD0028193-ZZM20230019.result.fasta,0,0,0,0,1,0,0,0,0
HD0028271-ZZM20230282.result.fasta,0,0,0,0,0,0,0,0,1
HD0028272-ZZM20230283.result.fasta,0,0,0,0,0,0,0,0,1
HD0028275-ZZM20230286.result.fasta,0,0,0,0,0,0,0,0,1
N_94,8.97E-07,7.77E-07,5.76E-07,1.76E-06,0.999974981,1.36E-07,1.06E-07,7.91E-07,2.00E-05
HD0028178-ZZM20230004.result.fasta,0,0,0,0,1,0,0,0,0
HD0028182-ZZM20230008.result.fasta,0,0,0,0,1,0,0,0,0
N_104,5.28E-09,4.91E-07,5.06E-05,1.16E-05,0.997232191,4.26E-08,1.69E-08,5.91E-06,0.002699152
HD0028183-ZZM20230009.result.fasta,0,0,0,0,1,0,0,0,0
HD0028263-ZZM20230274.result.fasta,0,0,0,0,0,0,0,0,1
HD0028265-ZZM20230276.result.fasta,0,0,0,0,0,0,0,0,1
HD0028293-ZZM2023330.result.fasta,0,0,0,1,0,0,0,0,0
N_100,0.000125997,0.000953511,0.605230341,0.002052521,0.348241438,0.000237266,0.000177209,0.040289027,0.00269269
HD0028242-ZZM20230075.result.fasta,0,0,0,0,0,0,0,1,0
N_98,3.44E-05,0.000467379,0.884221929,0.000571196,0.101852928,7.82E-05,5.98E-05,0.011584515,0.001129697
HD0028224-ZZM20230054.result.fasta,0,0,1,0,0,0,0,0,0
HD0028226-ZZM20230056.result.fasta,0,0,1,0,0,0,0,0,0
N_91,4.26E-11,1.60E-10,8.22E-11,6.93E-10,0.999999128,1.47E-11,1.02E-11,4.66E-09,8.66E-07
HD0028180-ZZM20230006.result.fasta,0,0,0,0,1,0,0,0,0
HD0028185-ZZM20230011.result.fasta,0,0,0,0,1,0,0,0,0
HD0028247-ZZM20230080.result.fasta,0,0,0,0,0,0,0,1,0
N_87,8.38E-09,2.37E-08,1.71E-08,3.28E-08,0.998554423,4.51E-09,2.10E-09,1.40E-08,0.001445475
HD0028194-ZZM20230020.result.fasta,0,0,0,0,1,0,0,0,0
HD0028276-ZZM20230287.result.fasta,0,0,0,0,0,0,0,0,1
N_84,3.52E-08,9.34E-08,7.18E-08,1.24E-07,0.996642147,2.09E-08,1.01E-08,5.59E-08,0.003357442
HD0028179-ZZM20230005.result.fasta,0,0,0,0,1,0,0,0,0
N_82,7.78E-08,3.64E-07,3.01E-07,3.95E-07,0.990596399,9.74E-08,3.64E-08,1.81E-07,0.009402149
HD0028176-ZZM20230002.result.fasta,0,0,0,0,1,0,0,0,0
HD0028266-ZZM20230277.result.fasta,0,0,0,0,0,0,0,0,1
HD0028278-ZZM20230290.result.fasta,0,0,0,0,0,0,0,0,1
N_730,0.999999451,5.34E-08,6.04E-10,2.49E-10,4.17E-07,2.51E-09,2.27E-08,7.04E-10,5.23E-08
N_637,1.08E-06,7.05E-07,3.05E-07,9.84E-08,4.72E-05,3.27E-07,1.15E-07,8.00E-08,0.999950056
HD0028262-ZZM20230273.result.fasta,0,0,0,0,0,0,0,0,1
HD0028267-ZZM20230278.result.fasta,0,0,0,0,0,0,0,0,1
HD0028273-ZZM20230284.result.fasta,0,0,0,0,0,0,0,0,1
HD0028274-ZZM20230285.result.fasta,0,0,0,0,0,0,0,0,1
N_729,0.999999734,8.92E-08,3.58E-09,2.36E-09,7.59E-08,1.04E-08,7.25E-08,5.41E-09,6.94E-09
N_728,0.999994717,1.73E-06,8.51E-08,5.88E-08,1.46E-06,2.30E-07,1.44E-06,1.25E-07,1.64E-07
SRR14852143.result.fasta,1,0,0,0,0,0,0,0,0
SRR14862586.result.fasta,1,0,0,0,0,0,0,0,0
N_725,1,4.53E-29,4.41E-37,1.83E-38,1.20E-29,2.66E-34,1.92E-29,2.98E-36,6.87E-36
SRR14852118.result.fasta,1,0,0,0,0,0,0,0,0
SRR14852119.result.fasta,1,0,0,0,0,0,0,0,0
SRR14852134.result.fasta,1,0,0,0,0,0,0,0,0
SRR14852216.result.fasta,1,0,0,0,0,0,0,0,0
SRR14852217.result.fasta,1,0,0,0,0,0,0,0,0
SRR14852360.result.fasta,1,0,0,0,0,0,0,0,0
SRR14852380.result.fasta,1,0,0,0,0,0,0,0,0
SRR14852393.result.fasta,1,0,0,0,0,0,0,0,0
SRR14852394.result.fasta,1,0,0,0,0,0,0,0,0
SRR14852423.result.fasta,1,0,0,0,0,0,0,0,0
SRR14852432.result.fasta,1,0,0,0,0,0,0,0,0
SRR14852467.result.fasta,1,0,0,0,0,0,0,0,0
SRR14862504.result.fasta,1,0,0,0,0,0,0,0,0
N_714,0.999999936,2.36E-08,3.57E-10,1.99E-10,1.82E-08,1.46E-09,1.86E-08,5.91E-10,8.07E-10
SRR14852150.result.fasta,1,0,0,0,0,0,0,0,0
SRR14862578.result.fasta,1,0,0,0,0,0,0,0,0
SRR14862612.result.fasta,1,0,0,0,0,0,0,0,0
N_707,1,4.06E-107,1.48E-142,6.78E-149,7.85E-110,3.38E-130,1.19E-108,4.77E-139,1.37E-137
SRR14862543.result.fasta,1,0,0,0,0,0,0,0,0
SRR14852435.result.fasta,1,0,0,0,0,0,0,0,0
SRR14852379.result.fasta,1,0,0,0,0,0,0,0,0
SRR14862569.result.fasta,1,0,0,0,0,0,0,0,0
SRR14862564.result.fasta,1,0,0,0,0,0,0,0,0
SRR14852355.result.fasta,1,0,0,0,0,0,0,0,0
SRR14852452.result.fasta,1,0,0,0,0,0,0,0,0
SRR14852318.result.fasta,1,0,0,0,0,0,0,0,0
SRR14862532.result.fasta,1,0,0,0,0,0,0,0,0
SRR14852354.result.fasta,1,0,0,0,0,0,0,0,0
SRR14862579.result.fasta,1,0,0,0,0,0,0,0,0
SRR14852480.result.fasta,1,0,0,0,0,0,0,0,0
SRR14852338.result.fasta,1,0,0,0,0,0,0,0,0
SRR14852416.result.fasta,1,0,0,0,0,0,0,0,0
SRR14862501.result.fasta,1,0,0,0,0,0,0,0,0
SRR14852256.result.fasta,1,0,0,0,0,0,0,0,0
SRR14862545.result.fasta,1,0,0,0,0,0,0,0,0
SRR14852488.result.fasta,1,0,0,0,0,0,0,0,0
SRR14852337.result.fasta,1,0,0,0,0,0,0,0,0
SRR14852372.result.fasta,1,0,0,0,0,0,0,0,0
SRR14852342.result.fasta,1,0,0,0,0,0,0,0,0
SRR14852177.result.fasta,1,0,0,0,0,0,0,0,0
SRR14852245.result.fasta,1,0,0,0,0,0,0,0,0
SRR14862526.result.fasta,1,0,0,0,0,0,0,0,0
SRR14852267.result.fasta,1,0,0,0,0,0,0,0,0
SRR14852313.result.fasta,1,0,0,0,0,0,0,0,0
SRR14852120.result.fasta,1,0,0,0,0,0,0,0,0
SRR14852415.result.fasta,1,0,0,0,0,0,0,0,0
SRR14852348.result.fasta,1,0,0,0,0,0,0,0,0
SRR14852433.result.fasta,1,0,0,0,0,0,0,0,0
SRR14852478.result.fasta,1,0,0,0,0,0,0,0,0
SRR14852287.result.fasta,1,0,0,0,0,0,0,0,0
SRR14852411.result.fasta,1,0,0,0,0,0,0,0,0
SRR14862553.result.fasta,1,0,0,0,0,0,0,0,0
SRR14862556.result.fasta,1,0,0,0,0,0,0,0,0
SRR14852371.result.fasta,1,0,0,0,0,0,0,0,0
SRR14852489.result.fasta,1,0,0,0,0,0,0,0,0
SRR14852289.result.fasta,1,0,0,0,0,0,0,0,0
SRR14852176.result.fasta,1,0,0,0,0,0,0,0,0
SRR14852320.result.fasta,1,0,0,0,0,0,0,0,0
SRR14852341.result.fasta,1,0,0,0,0,0,0,0,0
SRR14852418.result.fasta,1,0,0,0,0,0,0,0,0
SRR14852456.result.fasta,1,0,0,0,0,0,0,0,0
SRR14852340.result.fasta,1,0,0,0,0,0,0,0,0
SRR14852346.result.fasta,1,0,0,0,0,0,0,0,0
SRR14852234.result.fasta,1,0,0,0,0,0,0,0,0
SRR14852305.result.fasta,1,0,0,0,0,0,0,0,0
SRR14852123.result.fasta,1,0,0,0,0,0,0,0,0
SRR14862520.result.fasta,1,0,0,0,0,0,0,0,0
SRR14852319.result.fasta,1,0,0,0,0,0,0,0,0
SRR14852477.result.fasta,1,0,0,0,0,0,0,0,0
SRR14852344.result.fasta,1,0,0,0,0,0,0,0,0
SRR14852315.result.fasta,1,0,0,0,0,0,0,0,0
SRR14852454.result.fasta,1,0,0,0,0,0,0,0,0
SRR14852446.result.fasta,1,0,0,0,0,0,0,0,0
SRR14862510.result.fasta,1,0,0,0,0,0,0,0,0
SRR14862547.result.fasta,1,0,0,0,0,0,0,0,0
SRR14852312.result.fasta,1,0,0,0,0,0,0,0,0
SRR14852317.result.fasta,1,0,0,0,0,0,0,0,0
SRR14852434.result.fasta,1,0,0,0,0,0,0,0,0
SRR14852343.result.fasta,1,0,0,0,0,0,0,0,0
SRR14862523.result.fasta,1,0,0,0,0,0,0,0,0
SRR14852445.result.fasta,1,0,0,0,0,0,0,0,0
SRR14852339.result.fasta,1,0,0,0,0,0,0,0,0
SRR14852253.result.fasta,1,0,0,0,0,0,0,0,0
SRR14852347.result.fasta,1,0,0,0,0,0,0,0,0
SRR14862522.result.fasta,1,0,0,0,0,0,0,0,0
SRR14852117.result.fasta,1,0,0,0,0,0,0,0,0
SRR14852373.result.fasta,1,0,0,0,0,0,0,0,0
N_391,0.999769619,1.27E-05,1.15E-08,1.04E-08,0.000217033,3.34E-07,6.67E-08,2.13E-08,1.61E-07
HD0028190-ZZM20230016.result.fasta,0,0,0,0,1,0,0,0,0
N_330,0.998161468,0.000904804,2.43E-06,2.07E-06,0.000811864,9.43E-05,6.15E-06,4.06E-06,1.29E-05
HD0028184-ZZM20230010.result.fasta,0,0,0,0,1,0,0,0,0
HD0028202-ZZM20230028.result.fasta,0,1,0,0,0,0,0,0,0
ZZM2023-160.result.fasta,0,0,0,0,0,1,0,0,0
N_328,1,1.56E-11,1.70E-15,6.28E-16,9.88E-12,7.77E-14,6.47E-13,3.67E-15,8.17E-15
SRR14852366.result.fasta,1,0,0,0,0,0,0,0,0
SRR14852385.result.fasta,1,0,0,0,0,0,0,0,0
N_325,0.999999987,4.78E-09,6.32E-11,3.36E-11,3.76E-09,2.75E-10,3.70E-09,1.07E-10,1.42E-10
SRR14852365.result.fasta,1,0,0,0,0,0,0,0,0
SRR14862525.result.fasta,1,0,0,0,0,0,0,0,0
N_323,0.999999799,6.65E-08,2.89E-09,1.92E-09,5.72E-08,8.30E-09,5.42E-08,4.36E-09,5.55E-09
SRR14852368.result.fasta,1,0,0,0,0,0,0,0,0
SRR14852369.result.fasta,1,0,0,0,0,0,0,0,0
N_319,1,1.20E-15,1.31E-19,2.90E-20,6.63E-16,3.08E-18,7.45E-16,3.59E-19,5.62E-19
SRR14852392.result.fasta,1,0,0,0,0,0,0,0,0
SRR14852370.result.fasta,1,0,0,0,0,0,0,0,0
SRR14852377.result.fasta,1,0,0,0,0,0,0,0,0
SRR14852391.result.fasta,1,0,0,0,0,0,0,0,0
SRR14852487.result.fasta,1,0,0,0,0,0,0,0,0
SRR14852364.result.fasta,1,0,0,0,0,0,0,0,0
SRR14862531.result.fasta,1,0,0,0,0,0,0,0,0
N_311,1,2.27E-12,7.86E-15,3.26E-15,1.63E-12,5.47E-14,1.57E-11,1.55E-14,2.08E-14
SRR14852149.result.fasta,1,0,0,0,0,0,0,0,0
SRR14852155.result.fasta,1,0,0,0,0,0,0,0,0
N_308,0.999999657,1.13E-07,4.98E-09,3.31E-09,9.73E-08,1.42E-08,9.26E-08,7.49E-09,9.55E-09
SRR14852148.result.fasta,1,0,0,0,0,0,0,0,0
SRR14852242.result.fasta,1,0,0,0,0,0,0,0,0
N_305,0.999998502,1.70E-08,6.72E-10,4.44E-10,1.35E-08,1.94E-09,1.46E-06,1.38E-09,1.26E-09
HD0028306-ZZM2023404.result.fasta,0,0,0,0,0,0,1,0,0
SRR14852144.result.fasta,1,0,0,0,0,0,0,0,0
N_303,1,2.22E-26,4.44E-32,4.39E-33,9.99E-27,4.48E-30,1.20E-26,1.88E-31,3.03E-31
SRR14852151.result.fasta,1,0,0,0,0,0,0,0,0
SRR14852206.result.fasta,1,0,0,0,0,0,0,0,0
SRR14852203.result.fasta,1,0,0,0,0,0,0,0,0
SRR14852556.result.fasta,1,0,0,0,0,0,0,0,0
SRR14852197.result.fasta,1,0,0,0,0,0,0,0,0
SRR14852146.result.fasta,1,0,0,0,0,0,0,0,0
SRR14852204.result.fasta,1,0,0,0,0,0,0,0,0
SRR14852205.result.fasta,1,0,0,0,0,0,0,0,0
SRR14852125.result.fasta,1,0,0,0,0,0,0,0,0
SRR14852147.result.fasta,1,0,0,0,0,0,0,0,0
N_390,1,6.37E-13,1.05E-16,4.36E-17,6.86E-12,1.51E-15,4.51E-14,2.26E-16,5.80E-16
SRR14852130.result.fasta,1,0,0,0,0,0,0,0,0
SRR14852162.result.fasta,1,0,0,0,0,0,0,0,0
SRR14862616.result.fasta,1,0,0,0,0,0,0,0,0
N_359,1,3.77E-13,5.10E-16,1.81E-16,2.45E-13,4.89E-15,2.67E-13,1.08E-15,1.59E-15
SRR14852127.result.fasta,1,0,0,0,0,0,0,0,0
SRR14852269.result.fasta,1,0,0,0,0,0,0,0,0
SRR14852302.result.fasta,1,0,0,0,0,0,0,0,0
SRR14862617.result.fasta,1,0,0,0,0,0,0,0,0
N_354,1,4.14E-37,1.30E-48,1.28E-50,5.71E-38,1.29E-44,1.26E-37,1.91E-47,6.27E-47
SRR14852270.result.fasta,1,0,0,0,0,0,0,0,0
SRR14862503.result.fasta,1,0,0,0,0,0,0,0,0
SRR14852168.result.fasta,1,0,0,0,0,0,0,0,0
SRR14852463.result.fasta,1,0,0,0,0,0,0,0,0
SRR14852128.result.fasta,1,0,0,0,0,0,0,0,0
SRR14852129.result.fasta,1,0,0,0,0,0,0,0,0
SRR14852132.result.fasta,1,0,0,0,0,0,0,0,0
SRR14852170.result.fasta,1,0,0,0,0,0,0,0,0
SRR14852164.result.fasta,1,0,0,0,0,0,0,0,0
SRR14852412.result.fasta,1,0,0,0,0,0,0,0,0
SRR14852268.result.fasta,1,0,0,0,0,0,0,0,0
SRR14862609.result.fasta,1,0,0,0,0,0,0,0,0
SRR14862502.result.fasta,1,0,0,0,0,0,0,0,0
SRR14852410.result.fasta,1,0,0,0,0,0,0,0,0
SRR14852166.result.fasta,1,0,0,0,0,0,0,0,0
SRR14852427.result.fasta,1,0,0,0,0,0,0,0,0
SRR14852199.result.fasta,1,0,0,0,0,0,0,0,0
SRR14852131.result.fasta,1,0,0,0,0,0,0,0,0
SRR14852171.result.fasta,1,0,0,0,0,0,0,0,0
SRR14852399.result.fasta,1,0,0,0,0,0,0,0,0
SRR14852114.result.fasta,1,0,0,0,0,0,0,0,0
SRR14852145.result.fasta,1,0,0,0,0,0,0,0,0
N_386,1,1.43E-42,4.25E-56,1.80E-58,1.37E-43,2.14E-51,3.60E-43,9.83E-55,3.90E-54
SRR14852565.result.fasta,1,0,0,0,0,0,0,0,0
SRR14862506.result.fasta,1,0,0,0,0,0,0,0,0
SRR14852464.result.fasta,1,0,0,0,0,0,0,0,0
SRR14862554.result.fasta,1,0,0,0,0,0,0,0,0
SRR14852485.result.fasta,1,0,0,0,0,0,0,0,0
SRR14852189.result.fasta,1,0,0,0,0,0,0,0,0
SRR14852201.result.fasta,1,0,0,0,0,0,0,0,0
SRR14862606.result.fasta,1,0,0,0,0,0,0,0,0
SRR14852165.result.fasta,1,0,0,0,0,0,0,0,0
SRR14852178.result.fasta,1,0,0,0,0,0,0,0,0
SRR14852481.result.fasta,1,0,0,0,0,0,0,0,0
SRR14862492.result.fasta,1,0,0,0,0,0,0,0,0
SRR14862550.result.fasta,1,0,0,0,0,0,0,0,0
SRR14852465.result.fasta,1,0,0,0,0,0,0,0,0
SRR14852395.result.fasta,1,0,0,0,0,0,0,0,0
SRR14852200.result.fasta,1,0,0,0,0,0,0,0,0
SRR14862563.result.fasta,1,0,0,0,0,0,0,0,0
SRR14852156.result.fasta,1,0,0,0,0,0,0,0,0
SRR14852484.result.fasta,1,0,0,0,0,0,0,0,0
SRR14852417.result.fasta,1,0,0,0,0,0,0,0,0
SRR14862607.result.fasta,1,0,0,0,0,0,0,0,0
SRR14852133.result.fasta,1,0,0,0,0,0,0,0,0
SRR14852483.result.fasta,1,0,0,0,0,0,0,0,0
SRR14852398.result.fasta,1,0,0,0,0,0,0,0,0
SRR14852124.result.fasta,1,0,0,0,0,0,0,0,0
SRR14852482.result.fasta,1,0,0,0,0,0,0,0,0
N_632,1,5.26E-49,2.24E-62,1.42E-64,4.04E-48,5.79E-58,6.45E-50,5.37E-61,5.17E-60
SRR14852121.result.fasta,1,0,0,0,0,0,0,0,0
SRR14852185.result.fasta,1,0,0,0,0,0,0,0,0
SRR14852223.result.fasta,1,0,0,0,0,0,0,0,0
SRR14852238.result.fasta,1,0,0,0,0,0,0,0,0
SRR14852239.result.fasta,1,0,0,0,0,0,0,0,0
SRR14852259.result.fasta,1,0,0,0,0,0,0,0,0
SRR14852262.result.fasta,1,0,0,0,0,0,0,0,0
SRR14852264.result.fasta,1,0,0,0,0,0,0,0,0
SRR14852310.result.fasta,1,0,0,0,0,0,0,0,0
SRR14852349.result.fasta,1,0,0,0,0,0,0,0,0
SRR14852353.result.fasta,1,0,0,0,0,0,0,0,0
SRR14852383.result.fasta,1,0,0,0,0,0,0,0,0
SRR14852426.result.fasta,1,0,0,0,0,0,0,0,0
SRR14852550.result.fasta,1,0,0,0,0,0,0,0,0
SRR14852552.result.fasta,1,0,0,0,0,0,0,0,0
SRR14862495.result.fasta,1,0,0,0,0,0,0,0,0
SRR14862573.result.fasta,1,0,0,0,0,0,0,0,0
N_394,0.019114526,0.000311177,9.62E-05,0.000177193,0.978827064,5.21E-05,8.02E-05,0.000133928,0.001207654
HD0028187-ZZM20230013.result.fasta,0,0,0,0,1,0,0,0,0
HD0028189-ZZM20230015.result.fasta,0,0,0,0,1,0,0,0,0
N_620,0.999998915,3.54E-07,1.75E-08,1.21E-08,2.99E-07,4.73E-08,2.95E-07,2.58E-08,3.38E-08
SRR14852321.result.fasta,1,0,0,0,0,0,0,0,0
SRR14852325.result.fasta,1,0,0,0,0,0,0,0,0
N_623,0.999998177,5.95E-07,2.94E-08,2.03E-08,5.03E-07,7.95E-08,4.95E-07,4.33E-08,5.66E-08
SRR14852345.result.fasta,1,0,0,0,0,0,0,0,0
SRR14862536.result.fasta,1,0,0,0,0,0,0,0,0
N_603,0.999999967,1.23E-08,1.89E-10,1.06E-10,9.53E-09,7.69E-10,9.78E-09,3.12E-10,4.27E-10
SRR14862519.result.fasta,1,0,0,0,0,0,0,0,0
SRR14852213.result.fasta,1,0,0,0,0,0,0,0,0
SRR14852470.result.fasta,1,0,0,0,0,0,0,0,0
N_616,1,1.61E-13,7.37E-17,2.18E-17,9.48E-14,1.02E-15,1.10E-13,1.72E-16,2.70E-16
SRR14852499.result.fasta,1,0,0,0,0,0,0,0,0
SRR14852560.result.fasta,1,0,0,0,0,0,0,0,0
SRR14852516.result.fasta,1,0,0,0,0,0,0,0,0
SRR14862535.result.fasta,1,0,0,0,0,0,0,0,0
SRR14852307.result.fasta,1,0,0,0,0,0,0,0,0
SRR14852498.result.fasta,1,0,0,0,0,0,0,0,0
N_419,0.999999867,4.45E-08,2.03E-09,1.38E-09,3.70E-08,5.63E-09,3.58E-08,3.02E-09,3.90E-09
SRR14852157.result.fasta,1,0,0,0,0,0,0,0,0
N_417,0.999999022,9.53E-07,2.54E-10,1.09E-10,1.47E-08,6.01E-10,8.41E-09,3.48E-10,4.59E-10
HD0028207-ZZM20230034.result.fasta,0,1,0,0,0,0,0,0,0
SRR14852115.result.fasta,1,0,0,0,0,0,0,0,0
N_416,0.999999997,1.06E-09,1.35E-11,7.10E-12,8.25E-10,5.93E-11,8.04E-10,2.29E-11,3.03E-11
SRR14852218.result.fasta,1,0,0,0,0,0,0,0,0
SRR14852351.result.fasta,1,0,0,0,0,0,0,0,0
N_413,1,2.96E-17,8.69E-21,2.22E-21,1.84E-17,1.48E-19,1.88E-17,2.20E-20,3.14E-20
SRR14852578.result.fasta,1,0,0,0,0,0,0,0,0
SRR14852577.result.fasta,1,0,0,0,0,0,0,0,0
SRR14852580.result.fasta,1,0,0,0,0,0,0,0,0
SRR14852453.result.fasta,1,0,0,0,0,0,0,0,0
SRR14852173.result.fasta,1,0,0,0,0,0,0,0,0
SRR14852447.result.fasta,1,0,0,0,0,0,0,0,0
N_405,1,4.94E-21,3.91E-26,5.15E-27,2.33E-21,2.36E-24,2.63E-21,1.41E-25,2.29E-25
SRR14852116.result.fasta,1,0,0,0,0,0,0,0,0
SRR14852352.result.fasta,1,0,0,0,0,0,0,0,0
SRR14862577.result.fasta,1,0,0,0,0,0,0,0,0
SRR14852573.result.fasta,1,0,0,0,0,0,0,0,0
SRR14852576.result.fasta,1,0,0,0,0,0,0,0,0
SRR14852548.result.fasta,1,0,0,0,0,0,0,0,0
SRR14852361.result.fasta,1,0,0,0,0,0,0,0,0
SRR14852113.result.fasta,1,0,0,0,0,0,0,0,0
SRR14852175.result.fasta,1,0,0,0,0,0,0,0,0
N_597,1,1.59E-34,1.58E-44,2.88E-46,2.91E-35,4.72E-41,5.59E-35,1.67E-43,4.69E-43
SRR14852122.result.fasta,1,0,0,0,0,0,0,0,0
SRR14852139.result.fasta,1,0,0,0,0,0,0,0,0
SRR14852142.result.fasta,1,0,0,0,0,0,0,0,0
SRR14852192.result.fasta,1,0,0,0,0,0,0,0,0
SRR14852209.result.fasta,1,0,0,0,0,0,0,0,0
SRR14852236.result.fasta,1,0,0,0,0,0,0,0,0
SRR14852257.result.fasta,1,0,0,0,0,0,0,0,0
SRR14852293.result.fasta,1,0,0,0,0,0,0,0,0
SRR14852303.result.fasta,1,0,0,0,0,0,0,0,0
SRR14852350.result.fasta,1,0,0,0,0,0,0,0,0
SRR14852389.result.fasta,1,0,0,0,0,0,0,0,0
SRR14852390.result.fasta,1,0,0,0,0,0,0,0,0
SRR14852422.result.fasta,1,0,0,0,0,0,0,0,0
SRR14852425.result.fasta,1,0,0,0,0,0,0,0,0
SRR14852428.result.fasta,1,0,0,0,0,0,0,0,0
SRR14852501.result.fasta,1,0,0,0,0,0,0,0,0
SRR14852553.result.fasta,1,0,0,0,0,0,0,0,0
SRR14862491.result.fasta,1,0,0,0,0,0,0,0,0
N_578,1,3.46E-101,1.37E-134,1.47E-140,9.63E-104,6.09E-123,1.24E-102,2.80E-131,6.70E-130
SRR14862544.result.fasta,1,0,0,0,0,0,0,0,0
SRR14852190.result.fasta,1,0,0,0,0,0,0,0,0
SRR14852140.result.fasta,1,0,0,0,0,0,0,0,0
SRR14852400.result.fasta,1,0,0,0,0,0,0,0,0
SRR14862604.result.fasta,1,0,0,0,0,0,0,0,0
SRR14862552.result.fasta,1,0,0,0,0,0,0,0,0
SRR14862561.result.fasta,1,0,0,0,0,0,0,0,0
SRR14862534.result.fasta,1,0,0,0,0,0,0,0,0
SRR14852332.result.fasta,1,0,0,0,0,0,0,0,0
SRR14852323.result.fasta,1,0,0,0,0,0,0,0,0
SRR14852191.result.fasta,1,0,0,0,0,0,0,0,0
SRR14852375.result.fasta,1,0,0,0,0,0,0,0,0
SRR14852505.result.fasta,1,0,0,0,0,0,0,0,0
SRR14852571.result.fasta,1,0,0,0,0,0,0,0,0
SRR14852195.result.fasta,1,0,0,0,0,0,0,0,0
SRR14852558.result.fasta,1,0,0,0,0,0,0,0,0
SRR14862560.result.fasta,1,0,0,0,0,0,0,0,0
SRR14852490.result.fasta,1,0,0,0,0,0,0,0,0
SRR14862500.result.fasta,1,0,0,0,0,0,0,0,0
SRR14852408.result.fasta,1,0,0,0,0,0,0,0,0
SRR14852474.result.fasta,1,0,0,0,0,0,0,0,0
SRR14852298.result.fasta,1,0,0,0,0,0,0,0,0
SRR14852188.result.fasta,1,0,0,0,0,0,0,0,0
SRR14862555.result.fasta,1,0,0,0,0,0,0,0,0
SRR14852378.result.fasta,1,0,0,0,0,0,0,0,0
SRR14852367.result.fasta,1,0,0,0,0,0,0,0,0
SRR14852357.result.fasta,1,0,0,0,0,0,0,0,0
SRR14852335.result.fasta,1,0,0,0,0,0,0,0,0
SRR14852222.result.fasta,1,0,0,0,0,0,0,0,0
SRR14862571.result.fasta,1,0,0,0,0,0,0,0,0
SRR14852462.result.fasta,1,0,0,0,0,0,0,0,0
SRR14852450.result.fasta,1,0,0,0,0,0,0,0,0
SRR14852429.result.fasta,1,0,0,0,0,0,0,0,0
SRR14852388.result.fasta,1,0,0,0,0,0,0,0,0
SRR14852187.result.fasta,1,0,0,0,0,0,0,0,0
SRR14852333.result.fasta,1,0,0,0,0,0,0,0,0
SRR14852386.result.fasta,1,0,0,0,0,0,0,0,0
SRR14852167.result.fasta,1,0,0,0,0,0,0,0,0
SRR14852137.result.fasta,1,0,0,0,0,0,0,0,0
SRR14852448.result.fasta,1,0,0,0,0,0,0,0,0
SRR14862490.result.fasta,1,0,0,0,0,0,0,0,0
SRR14852322.result.fasta,1,0,0,0,0,0,0,0,0
SRR14862608.result.fasta,1,0,0,0,0,0,0,0,0
SRR14862570.result.fasta,1,0,0,0,0,0,0,0,0
SRR14852574.result.fasta,1,0,0,0,0,0,0,0,0
SRR14852136.result.fasta,1,0,0,0,0,0,0,0,0
SRR14852503.result.fasta,1,0,0,0,0,0,0,0,0
SRR14852414.result.fasta,1,0,0,0,0,0,0,0,0
SRR14862572.result.fasta,1,0,0,0,0,0,0,0,0
SRR14852493.result.fasta,1,0,0,0,0,0,0,0,0
SRR14852396.result.fasta,1,0,0,0,0,0,0,0,0
SRR14862489.result.fasta,1,0,0,0,0,0,0,0,0
SRR14862562.result.fasta,1,0,0,0,0,0,0,0,0
SRR14852261.result.fasta,1,0,0,0,0,0,0,0,0
SRR14852196.result.fasta,1,0,0,0,0,0,0,0,0
SRR14852579.result.fasta,1,0,0,0,0,0,0,0,0
SRR14862517.result.fasta,1,0,0,0,0,0,0,0,0
SRR14852159.result.fasta,1,0,0,0,0,0,0,0,0
SRR14852300.result.fasta,1,0,0,0,0,0,0,0,0
SRR14862518.result.fasta,1,0,0,0,0,0,0,0,0
SRR14852331.result.fasta,1,0,0,0,0,0,0,0,0
SRR14852413.result.fasta,1,0,0,0,0,0,0,0,0
SRR14852486.result.fasta,1,0,0,0,0,0,0,0,0
SRR14852112.result.fasta,1,0,0,0,0,0,0,0,0
SRR14852207.result.fasta,1,0,0,0,0,0,0,0,0
N_512,1,6.32E-141,4.45E-188,1.55E-196,1.52E-144,1.26E-171,5.87E-143,2.01E-183,1.68E-181
SRR14852255.result.fasta,1,0,0,0,0,0,0,0,0
SRR14852473.result.fasta,1,0,0,0,0,0,0,0,0
SRR14852476.result.fasta,1,0,0,0,0,0,0,0,0
SRR14852311.result.fasta,1,0,0,0,0,0,0,0,0
SRR14862548.result.fasta,1,0,0,0,0,0,0,0,0
SRR14852500.result.fasta,1,0,0,0,0,0,0,0,0
SRR14852258.result.fasta,1,0,0,0,0,0,0,0,0
SRR14852356.result.fasta,1,0,0,0,0,0,0,0,0
SRR14862557.result.fasta,1,0,0,0,0,0,0,0,0
SRR14852265.result.fasta,1,0,0,0,0,0,0,0,0
SRR14852327.result.fasta,1,0,0,0,0,0,0,0,0
SRR14862619.result.fasta,1,0,0,0,0,0,0,0,0
SRR14852472.result.fasta,1,0,0,0,0,0,0,0,0
SRR14852492.result.fasta,1,0,0,0,0,0,0,0,0
SRR14852295.result.fasta,1,0,0,0,0,0,0,0,0
SRR14852334.result.fasta,1,0,0,0,0,0,0,0,0
SRR14852237.result.fasta,1,0,0,0,0,0,0,0,0
SRR14862574.result.fasta,1,0,0,0,0,0,0,0,0
SRR14852186.result.fasta,1,0,0,0,0,0,0,0,0
SRR14852304.result.fasta,1,0,0,0,0,0,0,0,0
SRR14852297.result.fasta,1,0,0,0,0,0,0,0,0
SRR14862515.result.fasta,1,0,0,0,0,0,0,0,0
SRR14852554.result.fasta,1,0,0,0,0,0,0,0,0
SRR14852495.result.fasta,1,0,0,0,0,0,0,0,0
SRR14852194.result.fasta,1,0,0,0,0,0,0,0,0
SRR14852551.result.fasta,1,0,0,0,0,0,0,0,0
SRR14852208.result.fasta,1,0,0,0,0,0,0,0,0
SRR14852163.result.fasta,1,0,0,0,0,0,0,0,0
SRR14852581.result.fasta,1,0,0,0,0,0,0,0,0
SRR14862521.result.fasta,1,0,0,0,0,0,0,0,0
SRR14852502.result.fasta,1,0,0,0,0,0,0,0,0
SRR14852430.result.fasta,1,0,0,0,0,0,0,0,0
SRR14852538.result.fasta,1,0,0,0,0,0,0,0,0
SRR14852461.result.fasta,1,0,0,0,0,0,0,0,0
SRR14852358.result.fasta,1,0,0,0,0,0,0,0,0
SRR14852475.result.fasta,1,0,0,0,0,0,0,0,0
SRR14852282.result.fasta,1,0,0,0,0,0,0,0,0
SRR14852555.result.fasta,1,0,0,0,0,0,0,0,0
SRR14852308.result.fasta,1,0,0,0,0,0,0,0,0
SRR14862568.result.fasta,1,0,0,0,0,0,0,0,0
SRR14862527.result.fasta,1,0,0,0,0,0,0,0,0
SRR14852193.result.fasta,1,0,0,0,0,0,0,0,0
SRR14862524.result.fasta,1,0,0,0,0,0,0,0,0
SRR14852241.result.fasta,1,0,0,0,0,0,0,0,0
SRR14852254.result.fasta,1,0,0,0,0,0,0,0,0
SRR14852324.result.fasta,1,0,0,0,0,0,0,0,0
SRR14852451.result.fasta,1,0,0,0,0,0,0,0,0
SRR14852471.result.fasta,1,0,0,0,0,0,0,0,0
SRR14852459.result.fasta,1,0,0,0,0,0,0,0,0
SRR14852174.result.fasta,1,0,0,0,0,0,0,0,0
SRR14852457.result.fasta,1,0,0,0,0,0,0,0,0
SRR14852260.result.fasta,1,0,0,0,0,0,0,0,0
SRR14862567.result.fasta,1,0,0,0,0,0,0,0,0
SRR14852468.result.fasta,1,0,0,0,0,0,0,0,0
SRR14852247.result.fasta,1,0,0,0,0,0,0,0,0
SRR14862559.result.fasta,1,0,0,0,0,0,0,0,0
SRR14852294.result.fasta,1,0,0,0,0,0,0,0,0
SRR14852138.result.fasta,1,0,0,0,0,0,0,0,0
SRR14852231.result.fasta,1,0,0,0,0,0,0,0,0
SRR14852161.result.fasta,1,0,0,0,0,0,0,0,0
SRR14862613.result.fasta,1,0,0,0,0,0,0,0,0
SRR14852309.result.fasta,1,0,0,0,0,0,0,0,0
SRR14862610.result.fasta,1,0,0,0,0,0,0,0,0
SRR14852466.result.fasta,1,0,0,0,0,0,0,0,0
SRR14852299.result.fasta,1,0,0,0,0,0,0,0,0
SRR14852479.result.fasta,1,0,0,0,0,0,0,0,0
SRR14862603.result.fasta,1,0,0,0,0,0,0,0,0
SRR14852431.result.fasta,1,0,0,0,0,0,0,0,0
SRR14862512.result.fasta,1,0,0,0,0,0,0,0,0
SRR14852181.result.fasta,1,0,0,0,0,0,0,0,0
SRR14852263.result.fasta,1,0,0,0,0,0,0,0,0
SRR14862496.result.fasta,1,0,0,0,0,0,0,0,0
SRR14852301.result.fasta,1,0,0,0,0,0,0,0,0
SRR14862514.result.fasta,1,0,0,0,0,0,0,0,0
SRR14852527.result.fasta,1,0,0,0,0,0,0,0,0
SRR14852572.result.fasta,1,0,0,0,0,0,0,0,0
SRR14852328.result.fasta,1,0,0,0,0,0,0,0,0
SRR14852575.result.fasta,1,0,0,0,0,0,0,0,0
SRR14852296.result.fasta,1,0,0,0,0,0,0,0,0
SRR14862621.result.fasta,1,0,0,0,0,0,0,0,0
SRR14852141.result.fasta,1,0,0,0,0,0,0,0,0
SRR14852172.result.fasta,1,0,0,0,0,0,0,0,0
SRR14852549.result.fasta,1,0,0,0,0,0,0,0,0
SRR14862620.result.fasta,1,0,0,0,0,0,0,0,0
SRR14852326.result.fasta,1,0,0,0,0,0,0,0,0
SRR14852306.result.fasta,1,0,0,0,0,0,0,0,0
SRR14852329.result.fasta,1,0,0,0,0,0,0,0,0
SRR14852330.result.fasta,1,0,0,0,0,0,0,0,0
SRR14852460.result.fasta,1,0,0,0,0,0,0,0,0
SRR14852160.result.fasta,1,0,0,0,0,0,0,0,0
SRR14852111.result.fasta,1,0,0,0,0,0,0,0,0
SRR14852497.result.fasta,1,0,0,0,0,0,0,0,0
